original_team,normalized_team,matched_logo_name,match_score,matched_deduped_team,match_score_meta,logo_country,logo_league,logo_filename,city,geocode_query,latitude,longitude
KRC Genk,krc genk,krc genk,100.0,krc genk,100.0,Belgium,Pro League,KRC Genk - Belgium - Pro League.png,Genk,"Genk, Belgium",50.9654864,5.5001456
Beerschot AC,beerhot,beerhot va,82.35294117647058,beerhot,100.0,Belgium,Pro League,Beerschot - Belgium - Pro League.png,Antwerp,"Antwerp, Belgium",51.2211097,4.3997081
SV Zulte-Waregem,sv zulte waregem,sv zulte waregem,100.0,zulte waregem,85.71428571428572,Belgium,Pro League,Zulte Waregem - Belgium - Pro League.png,SV Zulte-Waregem,"SV Zulte-Waregem, Belgium",,
Sporting Lokeren,sporting lokeren,sporting cp,66.66666666666667,krc genk,33.333333333333336,Belgium,Pro League,KRC Genk - Belgium - Pro League.png,Sporting Lokeren,"Sporting Lokeren, Belgium",,
KSV Cercle Brugge,ksv cercle brugge,cercle brugge,86.66666666666667,krc genk,48.0,Belgium,Pro League,KRC Genk - Belgium - Pro League.png,KSV Cercle Brugge,"KSV Cercle Brugge, Belgium",,
RSC Anderlecht,r anderlecht,r anderlecht,100.0,beerhot,42.10526315789473,Belgium,Pro League,Beerschot - Belgium - Pro League.png,Brussels,"Brussels, Belgium",50.8465573,4.351697
KAA Gent,kaa gent,kaa gent,100.0,krc genk,62.5,Belgium,Pro League,KRC Genk - Belgium - Pro League.png,Ghent,"Ghent, Belgium",51.0538286,3.7250121
RAEC Mons,raec mons,as mono,62.5,krc genk,47.05882352941176,Belgium,Pro League,KRC Genk - Belgium - Pro League.png,Mons,"Mons, Belgium",50.4549568,3.951958
FCV Dender EH,v dender eh,v dender eh,100.0,beerhot,44.44444444444444,Belgium,Pro League,Beerschot - Belgium - Pro League.png,FCV Dender EH,"FCV Dender EH, Belgium",,
Standard de Liège,standard de liege,standard liege,90.32258064516128,zulte waregem,40.0,Belgium,Pro League,Zulte Waregem - Belgium - Pro League.png,Standard de Liège,"Standard de Liège, Belgium",50.61095765,5.54393415
KV Mechelen,kv mechelen,kv mechelen,100.0,krc genk,42.10526315789473,Belgium,Pro League,KRC Genk - Belgium - Pro League.png,KV Mechelen,"KV Mechelen, Belgium",51.0371829,4.4863913
Club Brugge KV,club brugge kv,club brugge kv,100.0,krc genk,45.45454545454546,Belgium,Pro League,KRC Genk - Belgium - Pro League.png,Club Brugge KV,"Club Brugge KV, Belgium",,
KSV Roeselare,ksv roeselare,kv mechelen,58.33333333333333,zulte waregem,30.76923076923077,Belgium,Pro League,Zulte Waregem - Belgium - Pro League.png,KSV Roeselare,"KSV Roeselare, Belgium",50.9520177,3.1047304
KV Kortrijk,kv kortrijk,kv kortrijk,100.0,krc genk,31.57894736842105,Belgium,Pro League,KRC Genk - Belgium - Pro League.png,KV Kortrijk,"KV Kortrijk, Belgium",50.8276429,3.2659884
Tubize,tubize,vizela,50.0,beerhot,30.76923076923077,Belgium,Pro League,Beerschot - Belgium - Pro League.png,Tubize,"Tubize, Belgium",50.6904188,4.2005756166386465
Royal Excel Mouscron,royal excel mouron,royal antwerp,51.61290322580645,zulte waregem,32.25806451612904,Belgium,Pro League,Zulte Waregem - Belgium - Pro League.png,Royal Excel Mouscron,"Royal Excel Mouscron, Belgium",,
KVC Westerlo,kvc westerlo,kvc westerlo,100.0,beerhot,42.10526315789473,Belgium,Pro League,Beerschot - Belgium - Pro League.png,KVC Westerlo,"KVC Westerlo, Belgium",51.094091,4.92812145796815
Sporting Charleroi,sporting charleroi,r charleroi,75.86206896551724,zulte waregem,32.25806451612904,Belgium,Pro League,Zulte Waregem - Belgium - Pro League.png,Sporting Charleroi,"Sporting Charleroi, Belgium",50.430829700000004,4.554946344530915
Sint-Truidense VV,sint truidense vv,sint truidense vv,100.0,zulte waregem,27.58620689655172,Belgium,Pro League,Zulte Waregem - Belgium - Pro League.png,Sint-Truidense VV,"Sint-Truidense VV, Belgium",,
Lierse SK,lierse sk,odense bk,55.55555555555556,zulte waregem,36.36363636363637,Belgium,Pro League,Zulte Waregem - Belgium - Pro League.png,Lierse SK,"Lierse SK, Belgium",,
KAS Eupen,kas eupen,kas eupen,100.0,krc genk,47.05882352941176,Belgium,Pro League,KRC Genk - Belgium - Pro League.png,KAS Eupen,"KAS Eupen, Belgium",50.6263653,6.0453424
Oud-Heverlee Leuven,oud heverlee leuven,oud heverlee leuven,100.0,zulte waregem,38.70967741935484,Belgium,Pro League,Zulte Waregem - Belgium - Pro League.png,Oud-Heverlee Leuven,"Oud-Heverlee Leuven, Belgium",50.8376275,4.6629253
Waasland-Beveren,waasland beveren,slovan liberec,60.0,beerhot,36.36363636363637,Belgium,Pro League,Beerschot - Belgium - Pro League.png,Waasland-Beveren,"Waasland-Beveren, Belgium",51.21469245,4.2438512697469255
KV Oostende,kv oostende,kv oostende,100.0,krc genk,42.10526315789473,Belgium,Pro League,KRC Genk - Belgium - Pro League.png,KV Oostende,"KV Oostende, Belgium",51.2258565,2.919496
Manchester United,manchester united,manchester united,100.0,beerhot,33.333333333333336,Belgium,Pro League,Beerschot - Belgium - Pro League.png,Manchester United,"Manchester United, Belgium",,
Newcastle United,newcastle united,newcastle united,100.0,zulte waregem,34.48275862068966,Belgium,Pro League,Zulte Waregem - Belgium - Pro League.png,Newcastle United,"Newcastle United, Belgium",,
Arsenal,arsenal,arsenal,100.0,krc genk,40.0,Belgium,Pro League,KRC Genk - Belgium - Pro League.png,Arsenal,"Arsenal, Belgium",50.4642023,4.857413528547967
West Bromwich Albion,west bromwich albion,brighton & hove albion,52.38095238095239,beerhot,29.629629629629623,Belgium,Pro League,Beerschot - Belgium - Pro League.png,West Bromwich Albion,"West Bromwich Albion, Belgium",,
Sunderland,sunderland,nordsjaelland,60.86956521739131,zulte waregem,26.086956521739136,Belgium,Pro League,Zulte Waregem - Belgium - Pro League.png,Sunderland,"Sunderland, Belgium",,
Liverpool,liverpool,liverpool,100.0,beerhot,37.5,Belgium,Pro League,Beerschot - Belgium - Pro League.png,Liverpool,"Liverpool, Belgium",50.8436606,4.3350004
West Ham United,west ham united,west ham united,100.0,zulte waregem,28.57142857142857,Belgium,Pro League,Zulte Waregem - Belgium - Pro League.png,West Ham United,"West Ham United, Belgium",,
Wigan Athletic,wigan athletic,athletic,72.72727272727273,zulte waregem,22.22222222222222,Belgium,Pro League,Zulte Waregem - Belgium - Pro League.png,Wigan Athletic,"Wigan Athletic, Belgium",,
Aston Villa,aston villa,aston villa,100.0,zulte waregem,25.0,Belgium,Pro League,Zulte Waregem - Belgium - Pro League.png,Aston Villa,"Aston Villa, Belgium",,
Manchester City,manchester city,manchester city,100.0,beerhot,36.36363636363637,Belgium,Pro League,Beerschot - Belgium - Pro League.png,Manchester City,"Manchester City, Belgium",,
Everton,everton,everton,100.0,beerhot,57.14285714285714,Belgium,Pro League,Beerschot - Belgium - Pro League.png,Everton,"Everton, Belgium",,
Blackburn Rovers,blkburn rovers,caykur rizespor,48.27586206896552,krc genk,36.36363636363637,Belgium,Pro League,KRC Genk - Belgium - Pro League.png,Blackburn Rovers,"Blackburn Rovers, Belgium",,
Middlesbrough,middlesbrough,if elfsborg,50.0,zulte waregem,30.76923076923077,Belgium,Pro League,Zulte Waregem - Belgium - Pro League.png,Middlesbrough,"Middlesbrough, Belgium",,
Tottenham Hotspur,tottenham hotspur,tottenham hotspur,100.0,beerhot,33.333333333333336,Belgium,Pro League,Beerschot - Belgium - Pro League.png,Tottenham Hotspur,"Tottenham Hotspur, Belgium",,
Bolton Wanderers,bolton wanderers,wolverhampton wanderers,76.92307692307692,zulte waregem,48.27586206896552,Belgium,Pro League,Zulte Waregem - Belgium - Pro League.png,Bolton Wanderers,"Bolton Wanderers, Belgium",,
Stoke City,stoke city,leicester city,66.66666666666667,zulte waregem,26.086956521739136,Belgium,Pro League,Zulte Waregem - Belgium - Pro League.png,Stoke City,"Stoke City, Belgium",,
Hull City,hull city,almere city,60.0,zulte waregem,27.27272727272727,Belgium,Pro League,Zulte Waregem - Belgium - Pro League.png,Hull City,"Hull City, Belgium",,
Fulham,fulham,fulham,100.0,zulte waregem,42.10526315789473,Belgium,Pro League,Zulte Waregem - Belgium - Pro League.png,Fulham,"Fulham, Belgium",51.529321100000004,-0.23241772194239174
Chelsea,chelsea,chelsea,100.0,zulte waregem,30.000000000000004,Belgium,Pro League,Zulte Waregem - Belgium - Pro League.png,Chelsea,"Chelsea, Belgium",51.2173092,4.3956897
Portsmouth,portsmouth,porto,66.66666666666667,beerhot,35.29411764705882,Belgium,Pro League,Beerschot - Belgium - Pro League.png,Portsmouth,"Portsmouth, Belgium",,
Birmingham City,birmingham city,man city,60.86956521739131,beerhot,36.36363636363637,Belgium,Pro League,Beerschot - Belgium - Pro League.png,Birmingham City,"Birmingham City, Belgium",,
Wolverhampton Wanderers,wolverhampton wanderers,wolverhampton wanderers,100.0,zulte waregem,38.888888888888886,Belgium,Pro League,Zulte Waregem - Belgium - Pro League.png,Wolverhampton Wanderers,"Wolverhampton Wanderers, Belgium",,
Burnley,burnley,burnley,100.0,zulte waregem,30.000000000000004,Belgium,Pro League,Zulte Waregem - Belgium - Pro League.png,Burnley,"Burnley, Belgium",,
Blackpool,blkpool,liverpool,62.5,beerhot,28.57142857142857,Belgium,Pro League,Beerschot - Belgium - Pro League.png,Blackpool,"Blackpool, Belgium",,
Swansea City,swansea city,man city,70.0,zulte waregem,24.0,Belgium,Pro League,Zulte Waregem - Belgium - Pro League.png,Swansea City,"Swansea City, Belgium",,
Queens Park Rangers,queens park rangers,sparta prague,56.25,zulte waregem,43.75,Belgium,Pro League,Zulte Waregem - Belgium - Pro League.png,Queens Park Rangers,"Queens Park Rangers, Belgium",,
Norwich City,norwich city,norwich,73.6842105263158,beerhot,31.57894736842105,Belgium,Pro League,Beerschot - Belgium - Pro League.png,Norwich City,"Norwich City, Belgium",,
Southampton,southampton,southampton,100.0,zulte waregem,33.333333333333336,Belgium,Pro League,Zulte Waregem - Belgium - Pro League.png,Southampton,"Southampton, Belgium",51.1387783,2.740880555025127
Reading,reading,r seraing,75.0,krc genk,40.0,Belgium,Pro League,KRC Genk - Belgium - Pro League.png,Reading,"Reading, Belgium",50.79410505,5.351775734375002
Crystal Palace,crystal pale,crystal pale,100.0,zulte waregem,32.0,Belgium,Pro League,Zulte Waregem - Belgium - Pro League.png,Crystal Palace,"Crystal Palace, Belgium",51.2291168,2.9233268
Cardiff City,cardiff city,almere city,60.86956521739131,beerhot,21.052631578947366,Belgium,Pro League,Beerschot - Belgium - Pro League.png,Cardiff City,"Cardiff City, Belgium",,
Leicester City,leicester city,leicester city,100.0,beerhot,38.095238095238095,Belgium,Pro League,Beerschot - Belgium - Pro League.png,Leicester City,"Leicester City, Belgium",,
Bournemouth,bournemouth,a bournemouth,91.66666666666666,beerhot,44.44444444444444,Belgium,Pro League,Beerschot - Belgium - Pro League.png,Bournemouth,"Bournemouth, Belgium",,
Watford,watford,watford,100.0,zulte waregem,30.000000000000004,Belgium,Pro League,Zulte Waregem - Belgium - Pro League.png,Watford,"Watford, Belgium",,
AJ Auxerre,aj auxerre,aj auxerre,100.0,zulte waregem,34.78260869565217,Belgium,Pro League,Zulte Waregem - Belgium - Pro League.png,AJ Auxerre,"AJ Auxerre, Belgium",,
FC Nantes,nantes,nantes,100.0,zulte waregem,21.052631578947366,Belgium,Pro League,Zulte Waregem - Belgium - Pro League.png,FC Nantes,"FC Nantes, Belgium",,
Girondins de Bordeaux,girondins de bordeaux,g bordeaux,64.51612903225806,zulte waregem,23.529411764705888,Belgium,Pro League,Zulte Waregem - Belgium - Pro League.png,Girondins de Bordeaux,"Girondins de Bordeaux, Belgium",,
SM Caen,sm caen,st gallen,62.5,krc genk,40.0,Belgium,Pro League,KRC Genk - Belgium - Pro League.png,SM Caen,"SM Caen, Belgium",,
Le Havre AC,le havre,le havre,100.0,zulte waregem,57.14285714285714,Belgium,Pro League,Zulte Waregem - Belgium - Pro League.png,Le Havre AC,"Le Havre AC, Belgium",,
OGC Nice,ogc nice,ogc nice,100.0,krc genk,37.5,Belgium,Pro League,KRC Genk - Belgium - Pro League.png,OGC Nice,"OGC Nice, Belgium",,
Le Mans FC,le mans,lechia gdansk,60.0,zulte waregem,40.0,Belgium,Pro League,Zulte Waregem - Belgium - Pro League.png,Le Mans FC,"Le Mans FC, Belgium",,
FC Lorient,lorient,lorient,100.0,krc genk,40.0,Belgium,Pro League,KRC Genk - Belgium - Pro League.png,FC Lorient,"FC Lorient, Belgium",,
Olympique Lyonnais,olympique lyonnais,olympique lyon,87.5,zulte waregem,25.806451612903224,Belgium,Pro League,Zulte Waregem - Belgium - Pro League.png,Olympique Lyonnais,"Olympique Lyonnais, Belgium",,
Toulouse FC,toulouse,toulouse,100.0,zulte waregem,28.57142857142857,Belgium,Pro League,Zulte Waregem - Belgium - Pro League.png,Toulouse FC,"Toulouse FC, Belgium",50.842115965528485,4.3749460565634255
AS Monaco,as mono,as mono,100.0,krc genk,26.66666666666667,Belgium,Pro League,KRC Genk - Belgium - Pro League.png,AS Monaco,"AS Monaco, Belgium",51.18894298526224,5.038992453678082
Paris Saint-Germain,paris saint germain,paris saint germain,100.0,krc genk,38.46153846153846,Belgium,Pro League,KRC Genk - Belgium - Pro League.png,Paris Saint-Germain,"Paris Saint-Germain, Belgium",,
AS Nancy-Lorraine,as nancy lorraine,paris saint germain,55.55555555555556,zulte waregem,27.58620689655172,Belgium,Pro League,Zulte Waregem - Belgium - Pro League.png,AS Nancy-Lorraine,"AS Nancy-Lorraine, Belgium",,
LOSC Lille,lo lille,lo lille,100.0,zulte waregem,28.57142857142857,Belgium,Pro League,Zulte Waregem - Belgium - Pro League.png,LOSC Lille,"LOSC Lille, Belgium",,
Stade Rennais FC,stade rennais,stade rennais,100.0,zulte waregem,38.46153846153846,Belgium,Pro League,Zulte Waregem - Belgium - Pro League.png,Stade Rennais FC,"Stade Rennais FC, Belgium",,
Olympique de Marseille,olympique de marseille,olympique marseille,92.6829268292683,zulte waregem,40.0,Belgium,Pro League,Zulte Waregem - Belgium - Pro League.png,Olympique de Marseille,"Olympique de Marseille, Belgium",,
FC Sochaux-Montbéliard,sochaux montbeliard,montpellier,53.333333333333336,zulte waregem,32.25806451612904,Belgium,Pro League,Zulte Waregem - Belgium - Pro League.png,FC Sochaux-Montbéliard,"FC Sochaux-Montbéliard, Belgium",,
Grenoble Foot 38,grenoble foot 38,clermont foot 63,56.25,beerhot,34.78260869565217,Belgium,Pro League,Beerschot - Belgium - Pro League.png,Grenoble Foot 38,"Grenoble Foot 38, Belgium",,
Valenciennes FC,valenciennes,valencia cf,60.86956521739131,zulte waregem,32.0,Belgium,Pro League,Zulte Waregem - Belgium - Pro League.png,Valenciennes FC,"Valenciennes FC, Belgium",50.5977015,3.4021478
AS Saint-Étienne,as saint etienne,as saint etienne,100.0,zulte waregem,28.57142857142857,Belgium,Pro League,Zulte Waregem - Belgium - Pro League.png,AS Saint-Étienne,"AS Saint-Étienne, Belgium",50.6443208,4.5685766
RC Lens,rc lens,rc lens,100.0,krc genk,66.66666666666667,Belgium,Pro League,KRC Genk - Belgium - Pro League.png,RC Lens,"RC Lens, Belgium",,
Montpellier Hérault SC,montpellier herault,montpellier,73.33333333333334,beerhot,38.46153846153846,Belgium,Pro League,Beerschot - Belgium - Pro League.png,Montpellier Hérault SC,"Montpellier Hérault SC, Belgium",,
US Boulogne Cote D'Opale,us boulogne cote d'opale,sv zulte waregem,44.99999999999999,zulte waregem,37.83783783783784,Belgium,Pro League,Zulte Waregem - Belgium - Pro League.png,US Boulogne Cote D'Opale,"US Boulogne Cote D'Opale, Belgium",,
AC Arles-Avignon,arles avignon,celta de vigo,53.84615384615385,zulte waregem,32.0,Belgium,Pro League,Zulte Waregem - Belgium - Pro League.png,AC Arles-Avignon,"AC Arles-Avignon, Belgium",,
Stade Brestois 29,stade brestois 29,stade brestois 29,100.0,zulte waregem,33.333333333333336,Belgium,Pro League,Zulte Waregem - Belgium - Pro League.png,Stade Brestois 29,"Stade Brestois 29, Belgium",,
AC Ajaccio,ajcio,ajcio,100.0,beerhot,16.666666666666664,Belgium,Pro League,Beerschot - Belgium - Pro League.png,AC Ajaccio,"AC Ajaccio, Belgium",,
Évian Thonon Gaillard FC,evian thonon gaillard,aston villa,56.25,zulte waregem,23.529411764705888,Belgium,Pro League,Zulte Waregem - Belgium - Pro League.png,Évian Thonon Gaillard FC,"Évian Thonon Gaillard FC, Belgium",,
Dijon FCO,dijon o,sion,54.54545454545454,beerhot,14.28571428571429,Belgium,Pro League,Beerschot - Belgium - Pro League.png,Dijon FCO,"Dijon FCO, Belgium",,
Stade de Reims,stade de reims,stade reims,88.0,zulte waregem,44.44444444444444,Belgium,Pro League,Zulte Waregem - Belgium - Pro League.png,Stade de Reims,"Stade de Reims, Belgium",,
SC Bastia,bastia,boavista,71.42857142857143,beerhot,30.76923076923077,Belgium,Pro League,Beerschot - Belgium - Pro League.png,SC Bastia,"SC Bastia, Belgium",,
ES Troyes AC,es troyes,est troyes,94.73684210526316,beerhot,37.5,Belgium,Pro League,Beerschot - Belgium - Pro League.png,ES Troyes AC,"ES Troyes AC, Belgium",,
En Avant de Guingamp,en avant de guingamp,levante ud,53.333333333333336,zulte waregem,36.36363636363637,Belgium,Pro League,Zulte Waregem - Belgium - Pro League.png,En Avant de Guingamp,"En Avant de Guingamp, Belgium",,
FC Metz,metz,metz,100.0,beerhot,36.36363636363637,Belgium,Pro League,Beerschot - Belgium - Pro League.png,FC Metz,"FC Metz, Belgium",50.26378095918767,6.112181518955577
Angers SCO,angers o,angers o,100.0,beerhot,40.0,Belgium,Pro League,Beerschot - Belgium - Pro League.png,Angers SCO,"Angers SCO, Belgium",,
GFC Ajaccio,g ajcio,ajcio,83.33333333333334,zulte waregem,20.0,Belgium,Pro League,Zulte Waregem - Belgium - Pro League.png,GFC Ajaccio,"GFC Ajaccio, Belgium",,
FC Bayern Munich,bayern munich,bayern munich,100.0,beerhot,40.0,Belgium,Pro League,Beerschot - Belgium - Pro League.png,FC Bayern Munich,"FC Bayern Munich, Belgium",,
Hamburger SV,hamburger sv,rangers,52.63157894736843,zulte waregem,32.0,Belgium,Pro League,Zulte Waregem - Belgium - Pro League.png,Hamburger SV,"Hamburger SV, Belgium",,
Bayer 04 Leverkusen,bayer 04 leverkusen,bayer 04 leverkusen,100.0,beerhot,30.76923076923077,Belgium,Pro League,Beerschot - Belgium - Pro League.png,Bayer 04 Leverkusen,"Bayer 04 Leverkusen, Belgium",,
Borussia Dortmund,borussia dortmund,borussia dortmund,100.0,beerhot,33.333333333333336,Belgium,Pro League,Beerschot - Belgium - Pro League.png,Borussia Dortmund,"Borussia Dortmund, Belgium",,
FC Schalke 04,halke 04,halke 04,100.0,zulte waregem,28.57142857142857,Belgium,Pro League,Zulte Waregem - Belgium - Pro League.png,FC Schalke 04,"FC Schalke 04, Belgium",,
Hannover 96,hannover 96,angers o,52.63157894736843,beerhot,22.22222222222222,Belgium,Pro League,Beerschot - Belgium - Pro League.png,Hannover 96,"Hannover 96, Belgium",,
VfL Wolfsburg,vfl wolfsburg,vfl wolfsburg,100.0,zulte waregem,38.46153846153846,Belgium,Pro League,Zulte Waregem - Belgium - Pro League.png,VfL Wolfsburg,"VfL Wolfsburg, Belgium",,
1. FC Köln,1  koln,1 koln,92.3076923076923,krc genk,25.0,Belgium,Pro League,KRC Genk - Belgium - Pro League.png,1. FC Köln,"1. FC Köln, Belgium",,
Eintracht Frankfurt,eintrht frankfurt,eintrht frankfurt,100.0,beerhot,33.333333333333336,Belgium,Pro League,Beerschot - Belgium - Pro League.png,Eintracht Frankfurt,"Eintracht Frankfurt, Belgium",,
Hertha BSC Berlin,hertha b berlin,hertha b,69.56521739130434,krc genk,34.78260869565217,Belgium,Pro League,KRC Genk - Belgium - Pro League.png,Hertha BSC Berlin,"Hertha BSC Berlin, Belgium",,
DSC Arminia Bielefeld,d arminia bielefeld,arminia bielefeld,94.44444444444444,zulte waregem,31.25,Belgium,Pro League,Zulte Waregem - Belgium - Pro League.png,DSC Arminia Bielefeld,"DSC Arminia Bielefeld, Belgium",,
SV Werder Bremen,sv werder bremen,sv werder bremen,100.0,zulte waregem,41.3793103448276,Belgium,Pro League,Zulte Waregem - Belgium - Pro League.png,SV Werder Bremen,"SV Werder Bremen, Belgium",,
FC Energie Cottbus,energie cottbus,fenerbahce sk,50.0,beerhot,45.45454545454546,Belgium,Pro League,Beerschot - Belgium - Pro League.png,FC Energie Cottbus,"FC Energie Cottbus, Belgium",,
TSG 1899 Hoffenheim,tsg 1899 hoffenheim,tsg 1899 hoffenheim,100.0,zulte waregem,31.25,Belgium,Pro League,Zulte Waregem - Belgium - Pro League.png,TSG 1899 Hoffenheim,"TSG 1899 Hoffenheim, Belgium",,
Borussia Mönchengladbach,borussia monchengladbh,borussia monchengladbh,100.0,krc genk,26.66666666666667,Belgium,Pro League,KRC Genk - Belgium - Pro League.png,Borussia Mönchengladbach,"Borussia Mönchengladbach, Belgium",,
VfB Stuttgart,vfb stuttgart,vfb stuttgart,100.0,zulte waregem,30.76923076923077,Belgium,Pro League,Zulte Waregem - Belgium - Pro League.png,VfB Stuttgart,"VfB Stuttgart, Belgium",,
Karlsruher SC,karlsruher,kas eupen,52.63157894736843,krc genk,33.333333333333336,Belgium,Pro League,KRC Genk - Belgium - Pro League.png,Karlsruher SC,"Karlsruher SC, Belgium",,
VfL Bochum,vfl bochum,vfl bochum,100.0,zulte waregem,26.086956521739136,Belgium,Pro League,Zulte Waregem - Belgium - Pro League.png,VfL Bochum,"VfL Bochum, Belgium",,
SC Freiburg,freiburg,freiburg,100.0,zulte waregem,28.57142857142857,Belgium,Pro League,Zulte Waregem - Belgium - Pro League.png,SC Freiburg,"SC Freiburg, Belgium",,
1. FC Nürnberg,1  nurnberg,1 union berlin,56.00000000000001,zulte waregem,32.0,Belgium,Pro League,Zulte Waregem - Belgium - Pro League.png,1. FC Nürnberg,"1. FC Nürnberg, Belgium",,
1. FSV Mainz 05,1 fsv mainz 05,1fsv mainz 05,96.2962962962963,krc genk,17.391304347826086,Belgium,Pro League,KRC Genk - Belgium - Pro League.png,1. FSV Mainz 05,"1. FSV Mainz 05, Belgium",,
1. FC Kaiserslautern,1  kaiserslautern,kas eupen,53.84615384615385,krc genk,30.76923076923077,Belgium,Pro League,KRC Genk - Belgium - Pro League.png,1. FC Kaiserslautern,"1. FC Kaiserslautern, Belgium",,
FC St. Pauli,st pauli,st pauli,100.0,zulte waregem,27.27272727272727,Belgium,Pro League,Zulte Waregem - Belgium - Pro League.png,FC St. Pauli,"FC St. Pauli, Belgium",,
FC Augsburg,augsburg,augsburg,100.0,zulte waregem,28.57142857142857,Belgium,Pro League,Zulte Waregem - Belgium - Pro League.png,FC Augsburg,"FC Augsburg, Belgium",,
Fortuna Düsseldorf,fortuna dusseldorf,fortuna sittard,60.60606060606061,krc genk,23.07692307692308,Belgium,Pro League,KRC Genk - Belgium - Pro League.png,Fortuna Düsseldorf,"Fortuna Düsseldorf, Belgium",,
SpVgg Greuther Fürth,spvgg greuther furth,greuther furth,82.35294117647058,zulte waregem,30.303030303030297,Belgium,Pro League,Zulte Waregem - Belgium - Pro League.png,SpVgg Greuther Fürth,"SpVgg Greuther Fürth, Belgium",,
Eintracht Braunschweig,eintrht braunhweig,eintrht frankfurt,62.85714285714285,zulte waregem,32.25806451612904,Belgium,Pro League,Zulte Waregem - Belgium - Pro League.png,Eintracht Braunschweig,"Eintracht Braunschweig, Belgium",,
SC Paderborn 07,paderborn 07,degerfors if,50.0,beerhot,31.57894736842105,Belgium,Pro League,Beerschot - Belgium - Pro League.png,SC Paderborn 07,"SC Paderborn 07, Belgium",,
FC Ingolstadt 04,ingolstadt 04,livingston,43.47826086956522,zulte waregem,23.07692307692308,Belgium,Pro League,Zulte Waregem - Belgium - Pro League.png,FC Ingolstadt 04,"FC Ingolstadt 04, Belgium",,
SV Darmstadt 98,sv darmstadt 98,sv darmstadt 98,100.0,zulte waregem,28.57142857142857,Belgium,Pro League,Zulte Waregem - Belgium - Pro League.png,SV Darmstadt 98,"SV Darmstadt 98, Belgium",,
Atalanta,atalanta,atalanta bc,84.21052631578947,zulte waregem,28.57142857142857,Belgium,Pro League,Zulte Waregem - Belgium - Pro League.png,Atalanta,"Atalanta, Belgium",51.3579588,4.959085
Siena,siena,arsenal,66.66666666666667,krc genk,30.76923076923077,Belgium,Pro League,KRC Genk - Belgium - Pro League.png,Siena,"Siena, Belgium",50.69824585,6.033542216796622
Cagliari,cagliari,cagliari calcio,69.56521739130434,zulte waregem,28.57142857142857,Belgium,Pro League,Zulte Waregem - Belgium - Pro League.png,Cagliari,"Cagliari, Belgium",,
Lazio,lazio,lazio,100.0,zulte waregem,22.22222222222222,Belgium,Pro League,Zulte Waregem - Belgium - Pro League.png,Lazio,"Lazio, Belgium",41.9197061,12.4812462
Catania,catania,casa pia,66.66666666666667,krc genk,26.66666666666667,Belgium,Pro League,KRC Genk - Belgium - Pro League.png,Catania,"Catania, Belgium",,
Genoa,genoa,genoa c,83.33333333333334,krc genk,46.15384615384615,Belgium,Pro League,KRC Genk - Belgium - Pro League.png,Genoa,"Genoa, Belgium",,
Chievo Verona,chievo verona,hellas verona,69.23076923076923,beerhot,40.0,Belgium,Pro League,Beerschot - Belgium - Pro League.png,Chievo Verona,"Chievo Verona, Belgium",,
Reggio Calabria,reggio calabria,r charleroi,53.84615384615385,zulte waregem,28.57142857142857,Belgium,Pro League,Zulte Waregem - Belgium - Pro League.png,Reggio Calabria,"Reggio Calabria, Belgium",,
Fiorentina,fiorentina,f fiorentina,90.9090909090909,krc genk,33.333333333333336,Belgium,Pro League,KRC Genk - Belgium - Pro League.png,Fiorentina,"Fiorentina, Belgium",50.6138638,5.615042976471606
Juventus,juventus,juventus,100.0,beerhot,26.66666666666667,Belgium,Pro League,Beerschot - Belgium - Pro League.png,Juventus,"Juventus, Belgium",51.000448000000006,4.019253434360021
Milan,milan,milan,100.0,zulte waregem,22.22222222222222,Belgium,Pro League,Zulte Waregem - Belgium - Pro League.png,Milan,"Milan, Belgium",50.41425192960356,6.085235680987052
Bologna,bologna,bologna  1909,70.0,beerhot,28.57142857142857,Belgium,Pro League,Beerschot - Belgium - Pro League.png,Bologna,"Bologna, Belgium",,
Roma,roma,as roma,72.72727272727273,beerhot,36.36363636363637,Belgium,Pro League,Beerschot - Belgium - Pro League.png,Roma,"Roma, Belgium",51.2183238,4.4189278
Napoli,napoli,s napoli,85.71428571428572,beerhot,15.384615384615383,Belgium,Pro League,Beerschot - Belgium - Pro League.png,Napoli,"Napoli, Belgium",50.847545,4.3528971
Sampdoria,sampdoria,sampdoria,100.0,zulte waregem,18.181818181818176,Belgium,Pro League,Zulte Waregem - Belgium - Pro League.png,Sampdoria,"Sampdoria, Belgium",,
Inter,inter,winterthur,66.66666666666667,beerhot,33.333333333333336,Belgium,Pro League,Beerschot - Belgium - Pro League.png,Inter,"Inter, Belgium",51.2232333,4.427878
Torino,torino,torino,100.0,beerhot,30.76923076923077,Belgium,Pro League,Beerschot - Belgium - Pro League.png,Torino,"Torino, Belgium",51.2212791,4.4280982
Lecce,lecce,us lecce,76.92307692307692,beerhot,33.333333333333336,Belgium,Pro League,Beerschot - Belgium - Pro League.png,Lecce,"Lecce, Belgium",,
Udinese,udinese,udinese calcio,66.66666666666667,zulte waregem,30.000000000000004,Belgium,Pro League,Zulte Waregem - Belgium - Pro League.png,Udinese,"Udinese, Belgium",,
Palermo,palermo,r charleroi,55.55555555555556,beerhot,42.85714285714286,Belgium,Pro League,Beerschot - Belgium - Pro League.png,Palermo,"Palermo, Belgium",51.210047,4.3950193
Bari,bari,bayern,60.0,beerhot,36.36363636363637,Belgium,Pro League,Beerschot - Belgium - Pro League.png,Bari,"Bari, Belgium",,
Livorno,livorno,liverpool,62.5,beerhot,28.57142857142857,Belgium,Pro League,Beerschot - Belgium - Pro League.png,Livorno,"Livorno, Belgium",50.82936377454499,4.359630701263674
Parma,parma,as roma,66.66666666666667,zulte waregem,33.333333333333336,Belgium,Pro League,Zulte Waregem - Belgium - Pro League.png,Parma,"Parma, Belgium",50.8406857,4.4669452
Cesena,cesena,chelsea,76.92307692307692,krc genk,42.85714285714286,Belgium,Pro League,KRC Genk - Belgium - Pro League.png,Cesena,"Cesena, Belgium",,
Brescia,breia,n breda,66.66666666666667,beerhot,33.333333333333336,Belgium,Pro League,Beerschot - Belgium - Pro League.png,Brescia,"Brescia, Belgium",,
Novara,novara,nk varazdin,58.82352941176471,zulte waregem,21.052631578947366,Belgium,Pro League,Zulte Waregem - Belgium - Pro League.png,Novara,"Novara, Belgium",,
Pescara,peara,spartak,66.66666666666667,beerhot,33.333333333333336,Belgium,Pro League,Beerschot - Belgium - Pro League.png,Pescara,"Pescara, Belgium",50.4609378,3.7115888
Hellas Verona,hellas verona,hellas verona,100.0,beerhot,40.0,Belgium,Pro League,Beerschot - Belgium - Pro League.png,Hellas Verona,"Hellas Verona, Belgium",,
Sassuolo,sassuolo,sassuolo,100.0,zulte waregem,19.047619047619047,Belgium,Pro League,Zulte Waregem - Belgium - Pro League.png,Sassuolo,"Sassuolo, Belgium",,
Empoli,empoli,empoli,100.0,beerhot,30.76923076923077,Belgium,Pro League,Beerschot - Belgium - Pro League.png,Empoli,"Empoli, Belgium",,
Frosinone,frosinone,frosinone calcio,72.0,beerhot,25.0,Belgium,Pro League,Beerschot - Belgium - Pro League.png,Frosinone,"Frosinone, Belgium",,
Carpi,carpi,casa pia,61.53846153846154,zulte waregem,22.22222222222222,Belgium,Pro League,Zulte Waregem - Belgium - Pro League.png,Carpi,"Carpi, Belgium",,
Vitesse,vitesse,vitesse,100.0,zulte waregem,30.000000000000004,Belgium,Pro League,Zulte Waregem - Belgium - Pro League.png,Vitesse,"Vitesse, Belgium",50.8812319,3.298958
FC Groningen,groningen,groningen,100.0,krc genk,47.05882352941176,Belgium,Pro League,KRC Genk - Belgium - Pro League.png,FC Groningen,"FC Groningen, Belgium",,
Roda JC Kerkrade,roda jc kerkrade,red star belgrade,54.54545454545454,krc genk,41.66666666666666,Belgium,Pro League,KRC Genk - Belgium - Pro League.png,Roda JC Kerkrade,"Roda JC Kerkrade, Belgium",,
FC Twente,twente,twente enhede,63.1578947368421,zulte waregem,42.10526315789473,Belgium,Pro League,Zulte Waregem - Belgium - Pro League.png,FC Twente,"FC Twente, Belgium",,
Willem II,willem ii,willem ii,100.0,zulte waregem,27.27272727272727,Belgium,Pro League,Zulte Waregem - Belgium - Pro League.png,Willem II,"Willem II, Belgium",51.20701329393985,5.417332417330131
Ajax,ajax,ajax,100.0,zulte waregem,11.764705882352944,Belgium,Pro League,Zulte Waregem - Belgium - Pro League.png,Ajax,"Ajax, Belgium",,
N.E.C.,nec,fenerbahce,46.15384615384615,beerhot,15.384615384615383,Belgium,Pro League,Beerschot - Belgium - Pro League.png,N.E.C.,"N.E.C., Belgium",46.19002280959027,-60.012279287836506
De Graafschap,de graafhap,granada cf,47.61904761904761,beerhot,33.333333333333336,Belgium,Pro League,Beerschot - Belgium - Pro League.png,De Graafschap,"De Graafschap, Belgium",50.886499549999996,4.3177832140712
FC Utrecht,utrecht,utrecht,100.0,beerhot,42.85714285714286,Belgium,Pro League,Beerschot - Belgium - Pro League.png,FC Utrecht,"FC Utrecht, Belgium",51.28357371925849,4.4118818472096075
PSV,psv,spurs,50.0,krc genk,0.0,Belgium,Pro League,KRC Genk - Belgium - Pro League.png,PSV,"PSV, Belgium",,
Heracles Almelo,herles almelo,herles almelo,100.0,zulte waregem,38.46153846153846,Belgium,Pro League,Zulte Waregem - Belgium - Pro League.png,Heracles Almelo,"Heracles Almelo, Belgium",,
Feyenoord,feyenoord,feyenoord,100.0,beerhot,37.5,Belgium,Pro League,Beerschot - Belgium - Pro League.png,Feyenoord,"Feyenoord, Belgium",51.2215269,4.4190312
Sparta Rotterdam,sparta rotterdam,sparta rotterdam,100.0,zulte waregem,34.48275862068966,Belgium,Pro League,Zulte Waregem - Belgium - Pro League.png,Sparta Rotterdam,"Sparta Rotterdam, Belgium",,
ADO Den Haag,ado den haag,copenhagen,54.54545454545454,zulte waregem,32.0,Belgium,Pro League,Zulte Waregem - Belgium - Pro League.png,ADO Den Haag,"ADO Den Haag, Belgium",,
FC Volendam,volendam,volendam,100.0,zulte waregem,38.095238095238095,Belgium,Pro League,Zulte Waregem - Belgium - Pro League.png,FC Volendam,"FC Volendam, Belgium",,
SC Heerenveen,heerenveen,heerenveen,100.0,beerhot,35.29411764705882,Belgium,Pro League,Beerschot - Belgium - Pro League.png,SC Heerenveen,"SC Heerenveen, Belgium",,
AZ,az,lazio,57.14285714285714,zulte waregem,13.33333333333333,Belgium,Pro League,Zulte Waregem - Belgium - Pro League.png,AZ,"AZ, Belgium",50.8112756,4.382273747644359
NAC Breda,n breda,n breda,100.0,zulte waregem,30.000000000000004,Belgium,Pro League,Zulte Waregem - Belgium - Pro League.png,NAC Breda,"NAC Breda, Belgium",,
RKC Waalwijk,rkc waalwijk,rkc waalwijk,100.0,krc genk,40.0,Belgium,Pro League,KRC Genk - Belgium - Pro League.png,RKC Waalwijk,"RKC Waalwijk, Belgium",,
VVV-Venlo,vvv venlo,kvc westerlo,47.61904761904761,beerhot,26.66666666666667,Belgium,Pro League,Beerschot - Belgium - Pro League.png,VVV-Venlo,"VVV-Venlo, Belgium",,
Excelsior,excelsior,excelsior rotterdam,64.28571428571428,beerhot,37.5,Belgium,Pro League,Beerschot - Belgium - Pro League.png,Excelsior,"Excelsior, Belgium",51.0564217,3.7307489
PEC Zwolle,pec zwolle,pec zwolle,100.0,zulte waregem,34.78260869565217,Belgium,Pro League,Zulte Waregem - Belgium - Pro League.png,PEC Zwolle,"PEC Zwolle, Belgium",,
SC Cambuur,cambuur,cambuur,100.0,beerhot,28.57142857142857,Belgium,Pro League,Beerschot - Belgium - Pro League.png,SC Cambuur,"SC Cambuur, Belgium",,
Go Ahead Eagles,go ahead eagles,go ahead eagles,100.0,zulte waregem,35.71428571428571,Belgium,Pro League,Zulte Waregem - Belgium - Pro League.png,Go Ahead Eagles,"Go Ahead Eagles, Belgium",,
FC Dordrecht,dordrecht,r anderlecht,66.66666666666667,beerhot,37.5,Belgium,Pro League,Beerschot - Belgium - Pro League.png,FC Dordrecht,"FC Dordrecht, Belgium",51.204946621071315,4.459860735000204
Wisła Kraków,wisa krakow,wisla krakow,95.65217391304348,krc genk,31.57894736842105,Belgium,Pro League,KRC Genk - Belgium - Pro League.png,Wisła Kraków,"Wisła Kraków, Belgium",,
Polonia Bytom,polonia bytom,fk polissya zhytomyr,60.60606060606061,zulte waregem,23.07692307692308,Belgium,Pro League,Zulte Waregem - Belgium - Pro League.png,Polonia Bytom,"Polonia Bytom, Belgium",,
Ruch Chorzów,ruch chorzow,ruch chorzow,100.0,beerhot,31.57894736842105,Belgium,Pro League,Beerschot - Belgium - Pro League.png,Ruch Chorzów,"Ruch Chorzów, Belgium",,
Legia Warszawa,legia warszawa,legia warszawa,100.0,zulte waregem,44.44444444444444,Belgium,Pro League,Zulte Waregem - Belgium - Pro League.png,Legia Warszawa,"Legia Warszawa, Belgium",,
P. Warszawa,p warszawa,legia warszawa,75.0,zulte waregem,33.333333333333336,Belgium,Pro League,Zulte Waregem - Belgium - Pro League.png,P. Warszawa,"P. Warszawa, Belgium",,
Śląsk Wrocław,slask wrocaw,slask wroclaw,96.0,zulte waregem,32.0,Belgium,Pro League,Zulte Waregem - Belgium - Pro League.png,Śląsk Wrocław,"Śląsk Wrocław, Belgium",,
Lechia Gdańsk,lechia gdansk,lechia gdansk,100.0,krc genk,47.61904761904761,Belgium,Pro League,KRC Genk - Belgium - Pro League.png,Lechia Gdańsk,"Lechia Gdańsk, Belgium",,
Widzew Łódź,widzew odz,widzew lodz,95.23809523809524,zulte waregem,26.086956521739136,Belgium,Pro League,Zulte Waregem - Belgium - Pro League.png,Widzew Łódź,"Widzew Łódź, Belgium",,
Odra Wodzisław,odra wodzisaw,admira wker modling,50.0,zulte waregem,23.07692307692308,Belgium,Pro League,Zulte Waregem - Belgium - Pro League.png,Odra Wodzisław,"Odra Wodzisław, Belgium",,
Lech Poznań,lech poznan,lech poznan,100.0,beerhot,33.333333333333336,Belgium,Pro League,Beerschot - Belgium - Pro League.png,Lech Poznań,"Lech Poznań, Belgium",,
GKS Bełchatów,gks bechatow,gks katowice,66.66666666666667,beerhot,42.10526315789473,Belgium,Pro League,Beerschot - Belgium - Pro League.png,GKS Bełchatów,"GKS Bełchatów, Belgium",,
Arka Gdynia,arka gdynia,radnik,58.82352941176471,krc genk,42.10526315789473,Belgium,Pro League,KRC Genk - Belgium - Pro League.png,Arka Gdynia,"Arka Gdynia, Belgium",,
Jagiellonia Białystok,jagiellonia biaystok,jagiellonia bialystok,97.5609756097561,krc genk,28.57142857142857,Belgium,Pro League,KRC Genk - Belgium - Pro League.png,Jagiellonia Białystok,"Jagiellonia Białystok, Belgium",,
Piast Gliwice,piast gliwice,piast gliwice,100.0,zulte waregem,30.76923076923077,Belgium,Pro League,Zulte Waregem - Belgium - Pro League.png,Piast Gliwice,"Piast Gliwice, Belgium",,
Cracovia,crovia,crovia,100.0,beerhot,30.76923076923077,Belgium,Pro League,Beerschot - Belgium - Pro League.png,Cracovia,"Cracovia, Belgium",,
Korona Kielce,korona kielce,korona kielce,100.0,krc genk,38.095238095238095,Belgium,Pro League,KRC Genk - Belgium - Pro League.png,Korona Kielce,"Korona Kielce, Belgium",,
Zagłębie Lubin,zagebie lubin,zaglebie lubin,96.2962962962963,zulte waregem,30.76923076923077,Belgium,Pro League,Zulte Waregem - Belgium - Pro League.png,Zagłębie Lubin,"Zagłębie Lubin, Belgium",,
Podbeskidzie Bielsko-Biała,podbeskidzie bielsko biaa,odense boldklub,50.0,beerhot,25.806451612903224,Belgium,Pro League,Beerschot - Belgium - Pro League.png,Podbeskidzie Bielsko-Biała,"Podbeskidzie Bielsko-Biała, Belgium",,
Pogoń Szczecin,pogon szczecin,pogon szczecin,100.0,krc genk,27.27272727272727,Belgium,Pro League,KRC Genk - Belgium - Pro League.png,Pogoń Szczecin,"Pogoń Szczecin, Belgium",,
Zawisza Bydgoszcz,zawisza bydgoszcz,wisla plock,50.0,zulte waregem,26.66666666666667,Belgium,Pro League,Zulte Waregem - Belgium - Pro League.png,Zawisza Bydgoszcz,"Zawisza Bydgoszcz, Belgium",,
Górnik Łęczna,gornik eczna,gornik leczna,96.0,krc genk,40.0,Belgium,Pro League,KRC Genk - Belgium - Pro League.png,Górnik Łęczna,"Górnik Łęczna, Belgium",,
Termalica Bruk-Bet Nieciecza,termalica bruk bet nieciecza,termalica,48.64864864864865,zulte waregem,30.000000000000004,Belgium,Pro League,Zulte Waregem - Belgium - Pro League.png,Termalica Bruk-Bet Nieciecza,"Termalica Bruk-Bet Nieciecza, Belgium",,
FC Porto,porto,porto,100.0,beerhot,33.333333333333336,Belgium,Pro League,Beerschot - Belgium - Pro League.png,FC Porto,"FC Porto, Belgium",,
CF Os Belenenses,cf os belenenses,belenenses sad,66.66666666666667,krc genk,33.333333333333336,Belgium,Pro League,KRC Genk - Belgium - Pro League.png,CF Os Belenenses,"CF Os Belenenses, Belgium",,
Sporting CP,sporting cp,sporting cp,100.0,beerhot,22.22222222222222,Belgium,Pro League,Beerschot - Belgium - Pro League.png,Sporting CP,"Sporting CP, Belgium",,
Trofense,trofense,farense,66.66666666666667,zulte waregem,38.095238095238095,Belgium,Pro League,Zulte Waregem - Belgium - Pro League.png,Trofense,"Trofense, Belgium",,
Vitória Guimarães,vitoria guimaraes,vitoria guimaraes,100.0,zulte waregem,33.333333333333336,Belgium,Pro League,Zulte Waregem - Belgium - Pro League.png,Vitória Guimarães,"Vitória Guimarães, Belgium",,
Vitória Setúbal,vitoria setubal,vitoria guimaraes,62.5,krc genk,26.086956521739136,Belgium,Pro League,KRC Genk - Belgium - Pro League.png,Vitória Setúbal,"Vitória Setúbal, Belgium",,
FC Paços de Ferreira,pos de ferreira,pos de ferreira,100.0,zulte waregem,28.57142857142857,Belgium,Pro League,Zulte Waregem - Belgium - Pro League.png,FC Paços de Ferreira,"FC Paços de Ferreira, Belgium",,
SC Braga,braga,braga,100.0,beerhot,33.333333333333336,Belgium,Pro League,Beerschot - Belgium - Pro League.png,SC Braga,"SC Braga, Belgium",,
Amadora,amadora,sampdoria,75.0,zulte waregem,20.0,Belgium,Pro League,Zulte Waregem - Belgium - Pro League.png,Amadora,"Amadora, Belgium",,
Académica de Coimbra,ademica de coimbra,radomiak radom,56.25,zulte waregem,25.806451612903224,Belgium,Pro League,Zulte Waregem - Belgium - Pro League.png,Académica de Coimbra,"Académica de Coimbra, Belgium",,
Rio Ave FC,rio ave,rio ave,100.0,krc genk,40.0,Belgium,Pro League,KRC Genk - Belgium - Pro League.png,Rio Ave FC,"Rio Ave FC, Belgium",,
SL Benfica,sl benfica,sl benfica,100.0,krc genk,33.333333333333336,Belgium,Pro League,KRC Genk - Belgium - Pro League.png,SL Benfica,"SL Benfica, Belgium",,
Leixões SC,leixoes,olympios,53.333333333333336,zulte waregem,30.000000000000004,Belgium,Pro League,Zulte Waregem - Belgium - Pro League.png,Leixões SC,"Leixões SC, Belgium",,
CD Nacional,cd nional,cd nional,100.0,krc genk,35.29411764705882,Belgium,Pro League,KRC Genk - Belgium - Pro League.png,CD Nacional,"CD Nacional, Belgium",,
Naval 1° de Maio,naval 1 de maio,atletico de madrid,54.54545454545454,zulte waregem,28.57142857142857,Belgium,Pro League,Zulte Waregem - Belgium - Pro League.png,Naval 1° de Maio,"Naval 1° de Maio, Belgium",,
CS Marítimo,cs maritimo,cs maritimo,100.0,zulte waregem,33.333333333333336,Belgium,Pro League,Zulte Waregem - Belgium - Pro League.png,CS Marítimo,"CS Marítimo, Belgium",,
"União de Leiria, SAD",uniao de leiria sad,ud almeria,55.172413793103445,zulte waregem,31.25,Belgium,Pro League,Zulte Waregem - Belgium - Pro League.png,"União de Leiria, SAD","União de Leiria, SAD, Belgium",,
S.C. Olhanense,sc olhanense,cd leganes,63.63636363636363,krc genk,36.36363636363637,Belgium,Pro League,KRC Genk - Belgium - Pro League.png,S.C. Olhanense,"S.C. Olhanense, Belgium",,
Portimonense,portimonense,portimonense,100.0,krc genk,30.000000000000004,Belgium,Pro League,KRC Genk - Belgium - Pro League.png,Portimonense,"Portimonense, Belgium",,
SC Beira Mar,beira mar,real madrid,60.0,beerhot,37.5,Belgium,Pro League,Beerschot - Belgium - Pro League.png,SC Beira Mar,"SC Beira Mar, Belgium",,
Feirense,feirense,farense,80.0,zulte waregem,38.095238095238095,Belgium,Pro League,Zulte Waregem - Belgium - Pro League.png,Feirense,"Feirense, Belgium",,
Gil Vicente FC,gil vicente,gil vicente,100.0,zulte waregem,33.333333333333336,Belgium,Pro League,Zulte Waregem - Belgium - Pro League.png,Gil Vicente FC,"Gil Vicente FC, Belgium",,
Moreirense FC,moreirense,moreirense,100.0,zulte waregem,34.78260869565217,Belgium,Pro League,Zulte Waregem - Belgium - Pro League.png,Moreirense FC,"Moreirense FC, Belgium",,
Estoril Praia,estoril praia,estoril praia,100.0,zulte waregem,23.07692307692308,Belgium,Pro League,Zulte Waregem - Belgium - Pro League.png,Estoril Praia,"Estoril Praia, Belgium",,
FC Arouca,arouca,arouca,100.0,beerhot,30.76923076923077,Belgium,Pro League,Beerschot - Belgium - Pro League.png,FC Arouca,"FC Arouca, Belgium",,
FC Penafiel,penafiel,copenhagen,55.55555555555556,zulte waregem,28.57142857142857,Belgium,Pro League,Zulte Waregem - Belgium - Pro League.png,FC Penafiel,"FC Penafiel, Belgium",,
Boavista FC,boavista,boavista,100.0,beerhot,40.0,Belgium,Pro League,Beerschot - Belgium - Pro League.png,Boavista FC,"Boavista FC, Belgium",,
Uniao da Madeira,uniao da madeira,ud almeria,53.84615384615385,zulte waregem,27.58620689655172,Belgium,Pro League,Zulte Waregem - Belgium - Pro League.png,Uniao da Madeira,"Uniao da Madeira, Belgium",,
Tondela,tondela,cd tondela,82.35294117647058,zulte waregem,30.000000000000004,Belgium,Pro League,Zulte Waregem - Belgium - Pro League.png,Tondela,"Tondela, Belgium",,
Falkirk,falkirk,basaksehir fk,50.0,krc genk,40.0,Belgium,Pro League,KRC Genk - Belgium - Pro League.png,Falkirk,"Falkirk, Belgium",,
Rangers,rangers,rangers,100.0,krc genk,40.0,Belgium,Pro League,KRC Genk - Belgium - Pro League.png,Rangers,"Rangers, Belgium",51.0063043,5.514751173362675
Heart of Midlothian,heart of midlothian,heart of midlothian,100.0,beerhot,30.76923076923077,Belgium,Pro League,Beerschot - Belgium - Pro League.png,Heart of Midlothian,"Heart of Midlothian, Belgium",,
Motherwell,motherwell,motherwell,100.0,zulte waregem,34.78260869565217,Belgium,Pro League,Zulte Waregem - Belgium - Pro League.png,Motherwell,"Motherwell, Belgium",,
Kilmarnock,kilmarnock,kilmarnock,100.0,krc genk,44.44444444444444,Belgium,Pro League,KRC Genk - Belgium - Pro League.png,Kilmarnock,"Kilmarnock, Belgium",50.67864659981061,5.6236956401989415
Hibernian,hibernian,hibernian,100.0,beerhot,37.5,Belgium,Pro League,Beerschot - Belgium - Pro League.png,Hibernian,"Hibernian, Belgium",,
Aberdeen,aberdeen,aberdeen,100.0,beerhot,40.0,Belgium,Pro League,Beerschot - Belgium - Pro League.png,Aberdeen,"Aberdeen, Belgium",50.8525408,4.3549891
Inverness Caledonian Thistle,inverness caledonian thistle,nk veres rivne,47.61904761904761,zulte waregem,24.390243902439025,Belgium,Pro League,Zulte Waregem - Belgium - Pro League.png,Inverness Caledonian Thistle,"Inverness Caledonian Thistle, Belgium",,
Celtic,celtic,celtic,100.0,beerhot,30.76923076923077,Belgium,Pro League,Beerschot - Belgium - Pro League.png,Celtic,"Celtic, Belgium",51.0537928,3.721227
St. Mirren,st mirren,st mirren,100.0,zulte waregem,34.78260869565217,Belgium,Pro League,Zulte Waregem - Belgium - Pro League.png,St. Mirren,"St. Mirren, Belgium",,
Hamilton Academical FC,hamilton ademical,heart of midl,53.333333333333336,zulte waregem,40.0,Belgium,Pro League,Zulte Waregem - Belgium - Pro League.png,Hamilton Academical FC,"Hamilton Academical FC, Belgium",,
Dundee United,dundee united,dundee united,100.0,zulte waregem,30.76923076923077,Belgium,Pro League,Zulte Waregem - Belgium - Pro League.png,Dundee United,"Dundee United, Belgium",,
St. Johnstone FC,st johnstone,st johnstone,100.0,zulte waregem,23.07692307692308,Belgium,Pro League,Zulte Waregem - Belgium - Pro League.png,St. Johnstone FC,"St. Johnstone FC, Belgium",,
Dunfermline Athletic,dunfermline athletic,athletic,57.14285714285714,zulte waregem,36.36363636363637,Belgium,Pro League,Zulte Waregem - Belgium - Pro League.png,Dunfermline Athletic,"Dunfermline Athletic, Belgium",,
Dundee FC,dundee,dundee,100.0,zulte waregem,31.57894736842105,Belgium,Pro League,Zulte Waregem - Belgium - Pro League.png,Dundee FC,"Dundee FC, Belgium",,
Ross County FC,ross county,ross county,100.0,beerhot,33.333333333333336,Belgium,Pro League,Beerschot - Belgium - Pro League.png,Ross County FC,"Ross County FC, Belgium",,
Partick Thistle F.C.,partick thistle fc,fk spartak subotica,48.64864864864865,krc genk,28.57142857142857,Belgium,Pro League,KRC Genk - Belgium - Pro League.png,Partick Thistle F.C.,"Partick Thistle F.C., Belgium",,
Valencia CF,valencia cf,valencia cf,100.0,zulte waregem,25.0,Belgium,Pro League,Zulte Waregem - Belgium - Pro League.png,Valencia CF,"Valencia CF, Belgium",,
RCD Mallorca,rcd mallorca,rcd mallorca,100.0,krc genk,30.000000000000004,Belgium,Pro League,KRC Genk - Belgium - Pro League.png,RCD Mallorca,"RCD Mallorca, Belgium",,
CA Osasuna,ca osasuna,ca osasuna,100.0,krc genk,33.333333333333336,Belgium,Pro League,KRC Genk - Belgium - Pro League.png,CA Osasuna,"CA Osasuna, Belgium",,
Villarreal CF,villarreal cf,villarreal cf,100.0,zulte waregem,30.76923076923077,Belgium,Pro League,Zulte Waregem - Belgium - Pro League.png,Villarreal CF,"Villarreal CF, Belgium",,
RC Deportivo de La Coruña,rc deportivo de la coruna,deportivo alaves,58.53658536585367,krc genk,30.303030303030297,Belgium,Pro League,KRC Genk - Belgium - Pro League.png,RC Deportivo de La Coruña,"RC Deportivo de La Coruña, Belgium",,
Real Madrid CF,real madrid cf,real madrid,88.0,zulte waregem,29.629629629629623,Belgium,Pro League,Zulte Waregem - Belgium - Pro League.png,Real Madrid CF,"Real Madrid CF, Belgium",,
CD Numancia,cd numancia,rcd mallorca,60.86956521739131,krc genk,31.57894736842105,Belgium,Pro League,KRC Genk - Belgium - Pro League.png,CD Numancia,"CD Numancia, Belgium",,
FC Barcelona,barcelona,barcelona,100.0,krc genk,47.05882352941176,Belgium,Pro League,KRC Genk - Belgium - Pro League.png,FC Barcelona,"FC Barcelona, Belgium",,
Racing Santander,ring santander,randers,57.14285714285714,krc genk,27.27272727272727,Belgium,Pro League,KRC Genk - Belgium - Pro League.png,Racing Santander,"Racing Santander, Belgium",,
Sevilla FC,sevilla,sevilla,100.0,zulte waregem,20.0,Belgium,Pro League,Zulte Waregem - Belgium - Pro League.png,Sevilla FC,"Sevilla FC, Belgium",,
Real Sporting de Gijón,real sporting de gijon,sporting cp,54.54545454545454,krc genk,33.333333333333336,Belgium,Pro League,KRC Genk - Belgium - Pro League.png,Real Sporting de Gijón,"Real Sporting de Gijón, Belgium",,
Getafe CF,getafe cf,getafe cf,100.0,zulte waregem,27.27272727272727,Belgium,Pro League,Zulte Waregem - Belgium - Pro League.png,Getafe CF,"Getafe CF, Belgium",,
Real Betis Balompié,real betis balompie,real betis balompie,100.0,zulte waregem,31.25,Belgium,Pro League,Zulte Waregem - Belgium - Pro League.png,Real Betis Balompié,"Real Betis Balompié, Belgium",,
RC Recreativo,rc recreativo,r seraing,54.54545454545454,krc genk,38.095238095238095,Belgium,Pro League,KRC Genk - Belgium - Pro League.png,RC Recreativo,"RC Recreativo, Belgium",,
RCD Espanyol,rcd espanyol,espanyol,80.0,krc genk,50.0,Belgium,Pro League,KRC Genk - Belgium - Pro League.png,RCD Espanyol,"RCD Espanyol, Belgium",,
Real Valladolid,real valladolid,real valladolid cf,90.9090909090909,zulte waregem,21.42857142857143,Belgium,Pro League,Zulte Waregem - Belgium - Pro League.png,Real Valladolid,"Real Valladolid, Belgium",,
Athletic Club de Bilbao,athletic club de bilbao,athletic bilbao,78.94736842105263,zulte waregem,27.77777777777778,Belgium,Pro League,Zulte Waregem - Belgium - Pro League.png,Athletic Club de Bilbao,"Athletic Club de Bilbao, Belgium",,
UD Almería,ud almeria,ud almeria,100.0,zulte waregem,34.78260869565217,Belgium,Pro League,Zulte Waregem - Belgium - Pro League.png,UD Almería,"UD Almería, Belgium",,
Atlético Madrid,atletico madrid,atletico de madrid,90.9090909090909,zulte waregem,35.71428571428571,Belgium,Pro League,Zulte Waregem - Belgium - Pro League.png,Atlético Madrid,"Atlético Madrid, Belgium",,
Málaga CF,malaga cf,granada cf,63.1578947368421,zulte waregem,27.27272727272727,Belgium,Pro League,Zulte Waregem - Belgium - Pro League.png,Málaga CF,"Málaga CF, Belgium",,
Xerez Club Deportivo,xerez club deportivo,deportivo alaves,50.0,beerhot,29.629629629629623,Belgium,Pro League,Beerschot - Belgium - Pro League.png,Xerez Club Deportivo,"Xerez Club Deportivo, Belgium",,
Real Zaragoza,real zaragoza,real madrid,58.33333333333333,zulte waregem,38.46153846153846,Belgium,Pro League,Zulte Waregem - Belgium - Pro League.png,Real Zaragoza,"Real Zaragoza, Belgium",,
CD Tenerife,cd tenerife,cd leganes,57.14285714285714,krc genk,42.10526315789473,Belgium,Pro League,KRC Genk - Belgium - Pro League.png,CD Tenerife,"CD Tenerife, Belgium",,
Hércules Club de Fútbol,hercules club de futbol,herles almelo,55.55555555555556,zulte waregem,27.77777777777778,Belgium,Pro League,Zulte Waregem - Belgium - Pro League.png,Hércules Club de Fútbol,"Hércules Club de Fútbol, Belgium",,
Levante UD,levante ud,levante ud,100.0,zulte waregem,34.78260869565217,Belgium,Pro League,Zulte Waregem - Belgium - Pro League.png,Levante UD,"Levante UD, Belgium",,
Real Sociedad,real sociedad,real sociedad,100.0,krc genk,28.57142857142857,Belgium,Pro League,KRC Genk - Belgium - Pro League.png,Real Sociedad,"Real Sociedad, Belgium",,
Granada CF,granada cf,granada cf,100.0,krc genk,22.22222222222222,Belgium,Pro League,KRC Genk - Belgium - Pro League.png,Granada CF,"Granada CF, Belgium",,
Rayo Vallecano,rayo vallecano,rayo vallecano,100.0,krc genk,36.36363636363637,Belgium,Pro League,KRC Genk - Belgium - Pro League.png,Rayo Vallecano,"Rayo Vallecano, Belgium",,
RC Celta de Vigo,rc celta de vigo,celta de vigo,89.65517241379311,zulte waregem,34.48275862068966,Belgium,Pro League,Zulte Waregem - Belgium - Pro League.png,RC Celta de Vigo,"RC Celta de Vigo, Belgium",,
Elche CF,elche cf,elche cf,100.0,zulte waregem,28.57142857142857,Belgium,Pro League,Zulte Waregem - Belgium - Pro League.png,Elche CF,"Elche CF, Belgium",,
SD Eibar,sd eibar,sl benfica,55.55555555555556,zulte waregem,28.57142857142857,Belgium,Pro League,Zulte Waregem - Belgium - Pro League.png,SD Eibar,"SD Eibar, Belgium",,
Córdoba CF,cordoba cf,granada cf,60.0,beerhot,23.529411764705888,Belgium,Pro League,Beerschot - Belgium - Pro League.png,Córdoba CF,"Córdoba CF, Belgium",,
UD Las Palmas,ud las palmas,ud las palmas,100.0,zulte waregem,38.46153846153846,Belgium,Pro League,Zulte Waregem - Belgium - Pro League.png,UD Las Palmas,"UD Las Palmas, Belgium",,
Grasshopper Club Zürich,grasshopper club zurich,grasshopper club zurich,100.0,beerhot,20.0,Belgium,Pro League,Beerschot - Belgium - Pro League.png,Grasshopper Club Zürich,"Grasshopper Club Zürich, Belgium",,
AC Bellinzona,bellinzona,barcelona,63.1578947368421,beerhot,35.29411764705882,Belgium,Pro League,Beerschot - Belgium - Pro League.png,AC Bellinzona,"AC Bellinzona, Belgium",,
BSC Young Boys,b young boys,b young boys,100.0,beerhot,21.052631578947366,Belgium,Pro League,Beerschot - Belgium - Pro League.png,BSC Young Boys,"BSC Young Boys, Belgium",,
FC Basel,basel,basel,100.0,beerhot,33.333333333333336,Belgium,Pro League,Beerschot - Belgium - Pro League.png,FC Basel,"FC Basel, Belgium",,
FC Aarau,aarau,aarhus gf,57.14285714285714,zulte waregem,22.22222222222222,Belgium,Pro League,Zulte Waregem - Belgium - Pro League.png,FC Aarau,"FC Aarau, Belgium",,
FC Sion,sion,sion,100.0,beerhot,18.181818181818176,Belgium,Pro League,Beerschot - Belgium - Pro League.png,FC Sion,"FC Sion, Belgium",50.82682624683838,3.2693528384938237
FC Luzern,luzern,luzern,100.0,zulte waregem,31.57894736842105,Belgium,Pro League,Zulte Waregem - Belgium - Pro League.png,FC Luzern,"FC Luzern, Belgium",,
FC Vaduz,vaduz,cadiz cf,46.15384615384615,zulte waregem,11.111111111111116,Belgium,Pro League,Zulte Waregem - Belgium - Pro League.png,FC Vaduz,"FC Vaduz, Belgium",,
Neuchâtel Xamax,neuchatel xamax,cf estrela amadora,48.48484848484848,zulte waregem,42.85714285714286,Belgium,Pro League,Zulte Waregem - Belgium - Pro League.png,Neuchâtel Xamax,"Neuchâtel Xamax, Belgium",,
FC Zürich,zurich,zurich,100.0,zulte waregem,31.57894736842105,Belgium,Pro League,Zulte Waregem - Belgium - Pro League.png,FC Zürich,"FC Zürich, Belgium",,
FC St. Gallen,st gallen,st gallen,100.0,krc genk,44.44444444444444,Belgium,Pro League,KRC Genk - Belgium - Pro League.png,FC St. Gallen,"FC St. Gallen, Belgium",,
FC Thun,thun,oh leuven,46.15384615384615,beerhot,18.181818181818176,Belgium,Pro League,Beerschot - Belgium - Pro League.png,FC Thun,"FC Thun, Belgium",,
Servette FC,servette,servette,100.0,beerhot,40.0,Belgium,Pro League,Beerschot - Belgium - Pro League.png,Servette FC,"Servette FC, Belgium",,
FC Lausanne-Sports,lausanne sports,lausanne sport,96.55172413793105,beerhot,28.57142857142857,Belgium,Pro League,Beerschot - Belgium - Pro League.png,FC Lausanne-Sports,"FC Lausanne-Sports, Belgium",,
Lugano,lugano,lugano,100.0,krc genk,28.57142857142857,Belgium,Pro League,KRC Genk - Belgium - Pro League.png,Lugano,"Lugano, Belgium",,
